-8.387966017286517528e-02,4.041938106992151725e-02,9.135104892201254545e-01
4.977749032277062335e-02,2.078677429808459265e-01,9.408275459387114292e-01
-9.046203591001274191e-02,1.943007678763974400e-01,1.153376548603690432e+00
1.077154970131588563e-01,2.030184420957381053e-01,1.014327720791689202e+00
5.433946330971534122e-02,1.961409865453175860e-01,1.145721276260982968e+00
1.323327600388672365e-01,5.230345924495005683e-02,7.624713215031381219e-01
8.018960151900594857e-02,-1.591151576879707708e-01,9.440751547457673087e-01
1.665008073687084811e-01,-7.492241064602445100e-02,9.600412792614217983e-01
-7.089295338940759805e-03,-1.247805513643576170e-01,8.712578352543332016e-01
2.829749652323326758e-02,1.084483098233065546e-01,9.853619674824193320e-01
4.806963284605769715e-02,5.754809688823597780e-02,9.486989739287855494e-01
-5.775735807755971729e-02,-4.509833508292673820e-02,7.694357902794254356e-01
-1.532660410069705825e-01,1.363714877671731718e-01,1.106574008314461510e+00
1.735556765961970838e-01,3.244377764611955373e-02,9.359919513400352109e-01
1.491045971295276162e-01,1.860348159208129459e-01,9.985909784593084426e-01
8.351692375897412646e-02,2.515786020464465533e-01,1.094282278366268901e+00
1.778520557902663057e-02,1.138588460840894712e-01,1.053023601145681276e+00
-1.055543098686332198e-01,1.417767637833409755e-01,9.028093887154196029e-01
9.451039182029236096e-02,-1.290775356676569785e-01,9.612754334038686732e-01
-1.813237497599610448e-01,8.069884572482288743e-02,1.007838966936129621e+00
2.078716624261323642e-01,-1.362447810008997617e-01,7.437911605673758197e-01
-1.016964553604864374e-01,1.624450655611899275e-01,1.118568264482459940e+00
-7.257530668376595273e-02,-4.428405591257905671e-02,9.679293522270366879e-01
-1.779964839958104172e-01,-1.375884765406754084e-01,1.166998959753740461e+00
1.449581741237765953e-01,1.994586149447218903e-01,8.260764530232460601e-01
8.155020056876127743e-02,1.744394016622127785e-01,8.895859346672123635e-01
-1.200582366043217442e-01,1.941006870949468777e-02,9.231882897022307688e-01
-3.941469374703696071e-02,1.872744691598898226e-01,8.304383997720860000e-01
-5.218774754102195601e-02,-1.405243075063243863e-01,8.577105287755656393e-01
-7.628488991885347403e-02,-2.297091606176593359e-02,1.136849718963931721e+00
-2.627224587355292407e-02,1.463935324222673251e-02,9.929401400110814402e-01
-9.590456158489640837e-02,8.139487862031258292e-02,9.166950574825702969e-01
-3.146567625049295769e-02,1.072955740763912869e-01,9.330994301205447483e-01
-8.590783733422707735e-02,-9.950261355529815832e-02,9.632050480989977626e-01
1.623744948995416992e-01,2.581928171498745761e-02,8.880126620463634213e-01
1.334762412388247887e-01,-9.735888600777969915e-02,1.163817304262631414e+00
2.016433292507507913e-01,-1.327893301979443663e-02,1.038496966414109046e+00
-1.907512261189680258e-01,1.585459442459401513e-01,9.735792655112205374e-01
1.692592775148631379e-01,-1.831221971350910360e-02,1.101913634485665483e+00
-1.383786688839033774e-01,1.698432539069982816e-02,8.450093233580129315e-01
2.733974737606409411e-02,1.236394305376430358e-01,8.565015885684172936e-01
-1.677042001314886788e-01,1.202400520732086475e-01,9.594704339346683541e-01
-1.711721659560206388e-01,1.384516431725111851e-01,1.029706178926218962e+00
7.044363673162645778e-02,-7.810749496785618362e-03,9.575748299905308958e-01
-1.286510001231032096e-01,-3.302868131544869912e-02,1.071301646134857677e+00
-1.671191162776287653e-01,-9.202589869673244438e-02,1.133936082075390761e+00
-7.408528330953001451e-02,1.973093220747029752e-02,8.588254509382071689e-01
-1.595757164354006941e-01,3.247530268310677704e-03,8.773493149853512918e-01
4.444364159049196683e-03,1.829102897580693887e-01,1.129078316129233484e+00
-1.750834684722310519e-02,-4.291443873917488716e-02,1.045698537490101110e+00
-2.603622881734821148e-02,2.549647986635558139e-01,9.666755768266969140e-01
-1.591331507718208860e-01,-1.413253878114327788e-01,8.855846063985663985e-01
4.441074457587707025e-02,1.047821587838337898e-01,9.256988319267727139e-01
1.203442384796771791e-01,4.894315278366201394e-03,9.014980408996713379e-01
1.730668096641174158e-01,1.849935875069616542e-02,1.021051198845171815e+00
-1.692718613980994380e-01,2.226060846371448743e-01,8.290485966903420323e-01
2.611141181211645845e-02,-1.120321475572995384e-01,1.160486956227542388e+00
8.716386608254572677e-02,1.980868980921168254e-01,9.359460284689615772e-01
1.057324244846338801e-02,1.041233975431293257e-01,8.335857705557616626e-01
1.930103182704415166e-01,1.871765492655618202e-01,1.091690320735647868e+00
1.266719863739769192e-01,1.762047153085622431e-01,9.809026011657188127e-01
-1.551992868512040991e-01,1.815213886365719675e-01,7.708595963309844423e-01
1.531021898942860893e-01,-7.292264366437845036e-03,7.882857048530740318e-01
1.218847336540385129e-02,1.914442778522004729e-01,9.597747952747881506e-01
1.103134699356325688e-01,2.199312927614393565e-01,1.067892949063678598e+00
5.240172682059002218e-02,1.714147663788452847e-01,9.387933160230278462e-01
1.568086649917863062e-01,1.610886194422297968e-01,1.004647045985624265e+00
-8.824242030773815637e-02,-1.382545374527275328e-01,1.098482475465558661e+00
1.364986112599951840e-01,-1.356741147822278504e-01,1.004487955378068342e+00
-1.700752486344811742e-01,-1.568982255270170989e-01,9.307041977074888006e-01
8.314046006261233135e-02,-9.439711329254960037e-02,1.135906050660526301e+00
-1.670237614542827154e-01,2.996072777553901445e-02,8.047789693481566253e-01
-1.461253044751892327e-01,5.568410351572111727e-02,8.908829814045835516e-01
1.698722721939111557e-01,8.914676815514988029e-02,9.244148242900693813e-01
8.416887306009790404e-02,8.530473946448080547e-02,1.067779776004348813e+00
1.732746282466772203e-01,1.710900540129746683e-01,1.043806713770026207e+00
-1.023254188502299711e-01,1.894933339715790255e-01,8.791605841266560972e-01
-1.598602350235058811e-01,-1.438188645186200265e-01,1.125387075662555247e+00
7.344021361472236054e-02,5.506592616700314857e-02,8.532088942219473449e-01
1.330963876170302984e-01,1.536143065205560210e-01,8.724930748555264071e-01
3.246844285221847648e-02,1.894189412415982487e-01,1.147971913530721144e+00
1.073914114894087279e-01,-1.421251370270763814e-01,9.194132430287786928e-01
1.928209944054458114e-01,1.161341935473260700e-01,7.963743220344275953e-01
-4.105970881012779850e-02,-1.314939146331845776e-01,1.105419827194492610e+00
-1.015540899612543263e-01,-6.805350509578440843e-02,1.004218750393693016e+00
-3.799315057108856863e-02,-1.504660250759481677e-01,9.879105455662700042e-01
-4.015183163440086411e-02,2.425955854601229422e-01,7.710678161023146737e-01
-6.686783754424263648e-02,2.248258162391492676e-01,1.117204694608463278e+00
-1.477587413915161241e-01,6.719175817895678415e-02,8.165001850622561896e-01
-6.104490679999458047e-02,-6.473179314536695039e-02,1.051212063979936939e+00
-1.317163060196989699e-01,-1.470297965592111122e-01,7.710279575054929113e-01
1.156625909399878749e-01,-9.063188182986825492e-02,8.971097776234987498e-01
-3.758467972414344938e-02,2.292501770830371877e-01,7.587525438560001056e-01
-6.417722840593045874e-02,-9.344677665353842699e-02,8.848131297598509359e-01
-6.626351554048440229e-02,8.149803982837749983e-02,9.941063438471520186e-01
1.139380533708760357e-01,-3.126572669335608845e-03,8.681145040974983518e-01
-2.736496160874013484e-03,9.206398453265246529e-02,9.438832156510206239e-01
6.509848933521164560e-02,-1.463318572380120364e-01,8.512622628046787598e-01
-1.170288445824114731e-01,1.361458681564107209e-01,9.144629838840754310e-01
1.160778890335711910e-01,-5.518929248432638546e-02,1.149550771777687608e+00
-8.438580941877185659e-02,4.752982077169956576e-02,9.825735053717038481e-01
-7.505598590881223942e-02,1.373518643455129418e-01,1.116661611783596575e+00
-6.544457384604621120e-02,-2.767350414936298186e-02,9.633899952752984497e-01
-1.115722064393440127e-02,-1.059038554803169718e-02,9.114901665878907266e-01
-2.833206350161177056e-02,8.318813716940026692e-02,9.246684781951518550e-01
-3.924791960199791596e-02,8.688235920015796587e-02,8.154396716454571648e-01
-1.264728335749711607e-01,1.244624541668929441e-01,8.667501140597804188e-01
8.469503010158885292e-02,-4.717788437688427705e-02,1.028478941197462415e+00
-1.715920819533311714e-01,7.734268781755546107e-02,7.738873045307438359e-01
2.529452939750731488e-02,-1.277143077942859972e-01,1.086577594522753154e+00
-1.830922825670888709e-01,-1.423738893385169124e-01,9.928574264161000862e-01
1.081414406023200603e-01,-6.347101735866136907e-02,1.037489982166440283e+00
-5.098648031315164419e-02,-7.743178060443547950e-02,8.964827050209193127e-01
9.884565218538254872e-02,7.316840087196735398e-02,7.728710717227044169e-01
-3.647206093433438823e-02,1.525807469843581954e-01,9.179942868047450411e-01
4.228564824163022484e-02,-1.531209985738334334e-01,9.207037330665566177e-01
-1.580271609331286298e-01,1.081213725432533246e-01,7.972809738906150301e-01
2.100895420161519311e-02,-3.150419064929908808e-02,1.080095237144683917e+00
1.482147567906869079e-02,2.138816405788427910e-01,1.142221014342253316e+00
2.995370808250324979e-03,1.059188205023183227e-01,8.549811969315834759e-01
-1.834369369527408811e-01,1.068204477641881978e-01,7.961801977863613988e-01
-3.204567210296244140e-02,2.039425342409996733e-01,9.367473101402766789e-01
1.290327413202230766e-01,-3.211929414897815582e-02,9.324719068213562778e-01
-4.539477177302259081e-02,-9.233988152459909893e-02,9.788586924843406534e-01
1.065137605780999142e-01,-3.591148624747830809e-02,1.092529387428378351e+00
-1.692143066054144773e-01,2.121431568323784433e-01,7.774807870662464593e-01
1.314478674147134263e-01,2.189038011985479648e-01,9.490114642384904764e-01
1.212756634616722895e-01,1.443909446672453356e-02,1.103760588805277720e+00
1.088281425993273266e-01,1.575499058350057213e-01,7.830291091171394102e-01
1.570057590424895344e-01,2.007946844461666047e-01,8.922597735961351750e-01
3.620731804978163937e-02,-6.506592568436878055e-02,8.444193922801743746e-01
-7.851714112595852002e-02,-5.978650445771688249e-02,7.829060513224352924e-01
-9.209768856148513316e-02,-5.539957320753195746e-02,1.055262929192631649e+00
1.547892523550103983e-01,-1.158588144639295658e-01,1.011504251576914815e+00
8.002425161465775982e-02,1.128843532402440397e-01,1.022681183463832966e+00
1.625676712399254376e-02,9.713024855348278974e-02,8.571738701259997706e-01
1.349623276382647674e-01,6.305073203101665968e-02,8.782893907039976966e-01
-2.681446606593390625e-02,2.394516421162035669e-01,9.400875746942419786e-01
1.216948360107463212e-01,6.494700541273928929e-02,1.029357731250843067e+00
1.174656039390165052e-01,-1.345963296741523041e-02,9.777768794671913843e-01
1.431816532120539498e-01,4.247655524648905057e-02,9.019351258552048556e-01
6.961450476359493100e-02,9.411051088296928935e-02,9.595996254957813720e-01
1.482314765938292367e-01,-6.818001601861634065e-02,1.004446606045526824e+00
-4.121496759347498262e-02,-1.548329600433605846e-01,7.886721680020013503e-01
-1.186080468913114361e-02,1.269266617589279722e-01,1.014863882142058582e+00
-5.079863300966294681e-02,4.054472724551846929e-02,1.061527888865583691e+00
-1.695455275730281819e-01,-1.267598829792701276e-01,8.144267825649215142e-01
2.024769182547200841e-01,1.473317931846002127e-02,1.097659885650824174e+00
-1.206181354103216807e-01,-3.563806495647364736e-02,1.153273966268549389e+00
-8.739126733703739269e-02,3.752601982534087277e-02,1.062151047529660719e+00
1.940955616462095579e-01,5.666382448063300714e-02,8.375367616752255051e-01
1.657152873293149531e-02,1.270524239528226795e-01,8.141910227526647503e-01
-8.772565589559638832e-02,-1.516761311693059777e-01,1.069496395874997674e+00
-1.231797390645957280e-01,-1.351134563172541325e-01,1.128074332668378421e+00
-1.334132313096907940e-01,6.591478747143980632e-02,8.693039785034963884e-01
1.864036875277121363e-01,-1.441916309406014174e-01,7.811313192795669158e-01
-4.042699847434536031e-02,1.485048398464267616e-01,8.903303603459767901e-01
-5.601332737403508233e-02,2.255250104910961340e-01,9.351900114682838439e-01
-8.513046057048484494e-02,1.059101813682938875e-01,9.413034808488645044e-01
-1.780137459991881776e-01,1.525506898632056907e-01,7.434293426690100626e-01
-7.662696867826444824e-02,1.013315491738360219e-01,8.484899275380293204e-01
1.984409505520277062e-01,-8.294730524422111451e-02,9.832562267235639419e-01
4.597742125053372320e-02,1.320934199773670104e-01,1.016951194034946049e+00
-6.051304116110053921e-02,1.215014634879830746e-01,7.738698142317911310e-01
-4.364670726302086190e-02,8.534842966027328393e-02,8.830616727318141290e-01
-1.926040262703893335e-01,-1.187476174724020062e-01,7.855008078869845090e-01
3.671720355469032526e-03,2.165035513466865846e-01,1.078020577617992748e+00
2.532308389940246540e-02,-8.586201358714073972e-03,1.152280956000520051e+00
-1.284499214449913718e-01,-1.293367335449046029e-01,9.663381058935199830e-01
-8.232192844480944183e-02,-5.080170925368335255e-02,9.248936914757823757e-01
2.422554687340633395e-02,4.961161112168460674e-02,1.159171078629087859e+00
1.517354553742037981e-01,1.403691925446431954e-01,8.079462670822425974e-01
-2.825426730772684358e-02,2.632132859121834034e-01,9.138651219380768964e-01
-1.001850185176304253e-01,-1.640466615938472317e-01,9.734672635243862837e-01
5.962677285101747326e-02,3.432763671619137869e-02,1.048335193798715537e+00
1.853792798014721188e-01,1.978081969022213449e-01,7.965590613279955878e-01
1.654928183543460940e-02,1.620681637832867561e-01,1.029668575824563614e+00
1.886020002566189402e-01,1.186392646871275991e-01,1.094009090280094076e+00
6.176792331863051322e-02,-1.036023130803730707e-01,7.340154662505330441e-01
-3.527555782910604676e-02,1.405898366432582480e-01,1.009771435478557411e+00
-7.742036381116312871e-03,1.536353333109278796e-01,8.228981899154641511e-01
-8.041125285019601332e-04,3.965305763584367482e-02,7.759526612802803980e-01
-1.176757027438649489e-01,-1.344223818290343209e-01,9.889805509778923920e-01
2.074429259460850994e-01,3.290163097574891338e-02,1.025801861659498826e+00
7.766769850144367160e-02,7.400036200132817377e-02,9.166342165071041936e-01
-1.382864796426274967e-01,1.732411967311212053e-02,1.023659371484141767e+00
-1.779962788008358499e-01,3.838530910369311600e-02,1.076637356571306103e+00
4.629390612393441407e-02,-1.259609704293924437e-01,9.710586731863777299e-01
8.766816935292698343e-02,-6.959184100529691719e-02,8.673369125051378914e-01
1.690230999479441776e-01,4.856661454683278145e-02,7.790063429848673726e-01
1.160995669769650518e-01,1.741274869344940357e-01,7.686270749356955978e-01
-4.077275217286346898e-03,-9.693383214017525784e-02,8.817015168448349982e-01
2.724973379050651956e-02,1.582972869803627725e-01,8.974209278895273201e-01
-4.811399055190626606e-02,1.668342451991849940e-02,1.086394817763761900e+00
-1.428187027242527329e-01,-4.286329507673311556e-02,7.690674697834231077e-01
-1.034167806233778492e-01,3.828300579009341620e-02,7.328211387957392908e-01
1.128648911064826788e-01,1.046027106587927857e-01,9.172459331703172181e-01
-4.974552641319687774e-02,1.889569517080046945e-01,1.066104269790137504e+00
-2.142527999530355332e-02,-1.478022971638171534e-01,1.067355383229700916e+00
-1.263854093069235740e-01,2.671387648980952378e-02,7.601662707440951516e-01
-1.035167236773451571e-02,4.717050603333566849e-02,1.116057761594198672e+00
1.583914047909770750e-01,1.599491038433131229e-01,1.086174031869976853e+00
1.427455828118098791e-01,-3.013067287638895864e-02,1.133518481548088541e+00
6.394007930082978852e-02,-3.735541862299865401e-02,7.531822055599883825e-01
-1.336329557804517565e-01,-1.066991268714501118e-01,1.137279111620709937e+00
6.294523277363323066e-02,2.177124389226678391e-01,9.406351773696537411e-01
-9.262851547994684076e-02,-4.959396622011338907e-02,8.189758925623433772e-01
4.407496342916594756e-03,2.053470688026570179e-01,7.812088679865302199e-01
-1.863962445424793002e-01,-8.358285670080511931e-03,1.073606735980398241e+00
1.567218137144088530e-02,-1.485385371827921963e-01,1.063022014276853833e+00
9.065849084213112308e-02,1.010677155167732932e-02,7.311975133977450803e-01
-8.906395905453941275e-02,-1.078356955527461913e-01,9.553164876003945594e-01
7.702190049169316266e-02,2.256503786044024018e-01,9.198370125761756722e-01
-3.025005555881646324e-02,9.370623597855282094e-02,9.114084271205008525e-01
1.654551670747576586e-01,-1.506056772965178037e-02,7.610307413459815873e-01
-1.738257753149672069e-01,-3.945671657522611953e-02,1.077260775538610327e+00
-1.726705500283622075e-01,1.118111927581709186e-01,7.764550917379386963e-01
1.856539807612262449e-01,1.288358791490982758e-01,9.822876973807441736e-01
4.996738502655095893e-02,2.347974139886834233e-01,8.632162623460021278e-01
6.549946735090400596e-02,1.500796950539300401e-01,9.944232300481714582e-01
-1.219073424906835790e-01,5.933241121372931359e-02,8.852235745791001698e-01
9.718080844148080377e-02,-2.226837016593702367e-02,9.967544174437963367e-01
-1.252713096328800513e-01,-1.830069119643618070e-03,9.249945028529147351e-01
1.300964412850972862e-01,7.213002361717796296e-02,9.484234664985560226e-01
2.089864838289051674e-02,1.613568812401356967e-01,8.982485261555261946e-01
-5.186069329323586552e-02,-1.080691939516015554e-01,1.126505931955959161e+00
1.751891992116560992e-01,-1.061353421814376086e-02,9.327251910225518028e-01
2.027706848153448260e-01,1.320009337528909588e-01,8.786546326712860733e-01
1.928136161603726806e-01,4.648717807578597871e-02,1.130656818777624251e+00
-1.275176470424348174e-01,-1.576258388653634934e-01,9.869045038045982654e-01
9.088777014399257448e-02,9.525931238553131397e-02,8.335019636028584422e-01
9.142333673512825776e-02,9.332055052708762566e-02,8.867373558443099046e-01
1.445294040365915911e-01,3.752566894398232100e-02,7.804280748247343080e-01
4.461075364314698311e-03,1.409355982503761595e-01,1.128600183603307716e+00
1.646394826709988712e-01,2.310019877134020239e-01,7.824321360164330219e-01
2.090156889379429783e-02,9.189611646726342231e-02,8.205931080525679100e-01
-1.367083924422882735e-01,-1.496049934227769440e-02,1.114734883430489099e+00
-1.470880839405740437e-01,9.526510880943614423e-02,8.556384123357997362e-01
-1.497103554570918260e-01,1.624602791145450253e-01,9.573483423912292345e-01
2.981171120501216465e-02,-9.566958307488676594e-02,1.086945651796038970e+00
-1.573739279713872452e-01,3.224937069774419518e-03,1.120059944421000431e+00
-1.443010151857326007e-01,-1.089740556196485688e-01,1.078798172158446089e+00
-1.354063960939797251e-01,5.583375006467980461e-02,7.606081307919727585e-01
1.071770441269115359e-02,1.247819717438355402e-01,1.109302924492842068e+00
-1.518397605099113257e-01,-1.702973820516793246e-01,8.538681909374625789e-01
1.299096842815022912e-02,2.410631506291198711e-01,9.265510646299025543e-01
-9.554215244512045957e-02,-1.280105795391764389e-02,8.983106102369181611e-01
1.140067246593346462e-01,3.795911419393088737e-02,1.089626973216442085e+00
1.223473880274886794e-01,-4.793174996796351062e-03,9.544464971680953758e-01
1.820236198119853932e-01,1.301321842495156700e-02,8.877622484347211795e-01
1.531480927364189393e-01,1.456359484374178392e-02,8.873288784045800792e-01
-1.124480748783009965e-01,2.247867072763908292e-01,9.445101744791772891e-01
2.156398173205781310e-02,2.444988517038836351e-01,1.122020855542613438e+00
8.278198722617480243e-03,2.052514026360649502e-02,8.925662771401350337e-01
1.633759333187285723e-01,-8.573553392062721601e-02,1.156735195014927386e+00
-1.361214153067390742e-01,-4.132627181580678100e-02,8.256842558937418364e-01
-9.691111161444841693e-02,-1.459742285070049217e-01,9.069251523452310781e-01
1.837538487463726833e-01,-9.144302768539080972e-02,1.057838223773510666e+00
1.534469220122812172e-01,-1.287417194636708562e-01,8.113038895308370968e-01
1.301939023669655415e-01,-8.461975750219674630e-04,9.204283028127723254e-01
4.261703147610645948e-02,1.110047925039115979e-01,1.091874773315565150e+00
-1.471531290509752454e-01,2.251695032514839379e-01,1.022816339443586298e+00
6.879580713332977826e-02,-2.804538508627180127e-02,1.003624072599027306e+00
-1.249451985669189913e-01,-6.068997176550083861e-02,1.040408243163260638e+00
3.043566786571444416e-03,6.432089593654127802e-03,8.748985894156527943e-01
1.445360447861918085e-01,-5.514235882818195600e-02,8.322094421119947683e-01
1.158491459132057200e-01,-1.096785096750741983e-01,8.475416122632475346e-01
-9.209050319423678355e-02,1.357922521529314475e-02,8.611400349167254165e-01
1.816423778200396133e-01,2.202643426703805307e-01,9.664112290278059625e-01
8.308211564348916278e-02,2.229131938785223199e-01,8.037917117560233748e-01
1.150482591987716519e-01,1.749333222299470636e-02,1.032310313545560465e+00
1.360133646372183036e-01,1.945333056812367789e-01,1.089468062934171533e+00
1.007120984138593078e-01,-9.255586782333130591e-02,1.123929812141590823e+00
7.011283729593370539e-02,1.045256040794978747e-01,1.085391326735029027e+00
-9.040731009019027653e-02,2.072270150600925009e-01,1.079758031122945106e+00
-1.342648204629131592e-01,1.184604204939748717e-02,1.023055957585492060e+00
1.140751943460757700e-01,7.184589429517856951e-03,1.010138835412459191e+00
8.956427780433356967e-02,-7.692938782978586687e-02,9.497757728196318805e-01
7.991883607216793139e-02,1.803476154561317046e-01,9.308538558105325933e-01
1.874090341818395178e-01,-2.089690468993615768e-02,9.581999859444920720e-01
-1.742082576270755079e-01,-7.136945847401539311e-02,1.078575975931695297e+00
-1.077932208526775071e-01,-1.674984247663967030e-01,1.159555413331877283e+00
-3.640266848678935796e-02,5.112408270253321341e-02,7.835325527335597062e-01
-1.848173367377090037e-02,1.456894289255485364e-01,8.682438644281423867e-01
1.992402564452834812e-01,-1.490188856783644100e-01,1.093565291042143617e+00
4.424169709057487743e-02,-6.262627578368401560e-02,1.102542781773224290e+00
-5.022104184089154488e-02,1.777947003848291407e-01,8.435455141532096635e-01
4.354210230720029218e-02,-1.260513835989872655e-01,1.130473311326843699e+00
-1.759970940899909797e-01,1.495358230815843625e-02,1.010225450800942948e+00
-1.373336441278489861e-01,1.961071863138719173e-02,7.499096829572932110e-01
-3.969100008554157788e-02,1.564646128927403290e-01,8.297721497567135396e-01
3.285298705534261954e-02,-9.133059856880704208e-02,9.421231949910580106e-01
-4.237460085520280972e-02,2.509357999245008242e-01,9.724990444220313890e-01
3.794562829044645369e-02,3.915041446710257333e-02,1.103877317902424160e+00
1.313044316273678236e-01,-1.341915587139530519e-03,9.448404426465578654e-01
2.041307050143295054e-01,1.988340378226402527e-02,9.638598492693368769e-01
2.042610727834273110e-01,-1.186564497995432066e-02,1.136112456164591000e+00
2.062911812319289662e-01,-4.830137622029209710e-02,1.011970871019916451e+00
-6.870583985827041773e-02,1.099873897643050547e-01,1.144670812258923531e+00
-1.304625830308122625e-01,1.705051072696014969e-01,1.082181516889955564e+00
-1.673918514630462484e-02,7.447486171568637459e-02,8.845425460419301666e-01
-1.166030839560421861e-01,-5.781518629692744549e-02,9.152705570269561441e-01
6.595859407085435944e-02,-5.185967363067352232e-02,1.097338780688761783e+00
2.014825810862612143e-01,-1.505697871497932716e-01,1.043540234115161613e+00
5.205018071409389657e-02,1.634986129063787375e-01,9.051314243104340296e-01
1.292780305304969679e-01,1.618204121108152149e-02,9.532918563731502815e-01
-9.673236919579700221e-02,1.600056073883767693e-01,9.057862550932386236e-01
1.681229590547980712e-01,2.080383008350999430e-01,7.756929126188647494e-01
-9.176815766890911164e-02,-5.629341336026456866e-02,9.210379762396349035e-01
9.665331844066799016e-02,1.847747207410156967e-01,8.868020749165510530e-01
-1.368967215566925244e-01,4.218230614937917844e-02,8.736645833974165942e-01
-8.821684344866298488e-03,2.378199017203751486e-01,1.068810648193490698e+00
4.508668703946003276e-02,-8.837693856660411296e-02,8.422397897363163022e-01
1.345823856708356914e-01,1.690845326216064981e-01,9.999087615635338100e-01
-1.125090680837148027e-01,5.566310402126148360e-02,8.111774843478434249e-01
-1.568322210526200411e-01,-1.687216933097761273e-01,1.094614001792095115e+00
1.039440393138446050e-01,5.385906967489972885e-04,8.842645793696811696e-01
1.093607331116054904e-01,2.066197529794328580e-01,7.945943730653270975e-01
1.533856304098970003e-01,4.345147031279705807e-02,7.761673083696437603e-01
1.152632863417359932e-01,-1.136224304144914099e-01,1.007463922739433526e+00
7.540065920495819807e-02,-2.366922734769202896e-02,1.147292436055402209e+00
-1.813481392224369770e-03,1.156441403485530262e-01,1.104989984200679842e+00
-1.255407832019872494e-02,2.505213191724159350e-02,8.721876500176275471e-01
6.312890530553760815e-02,-2.017267414670637082e-02,9.959710043706625493e-01
1.112306092000299729e-01,1.658747836507586393e-01,8.385951233843681463e-01
1.306873719315653215e-01,3.118182869728641782e-02,1.128195326124822540e+00
9.101921191426165514e-05,-2.621198964424673039e-02,9.265188136746025371e-01
1.022071412036543725e-01,2.207379840522761816e-01,9.396784534793327648e-01
-8.568731198758641754e-02,1.593154898085452631e-01,7.468958760066658487e-01
-1.225279864826372411e-01,2.113025889882084729e-01,9.111172008794480304e-01
-1.886446309591801040e-01,6.108766694806141984e-02,1.148561457298630684e+00
-3.599093543899217762e-02,2.318368550640032000e-02,9.152600880212786727e-01
9.187790684322655332e-02,1.457487469082791587e-01,7.551102685745797460e-01
1.827846022589564301e-01,-7.288109415987631401e-02,8.109503590930242645e-01
9.539690338635914424e-03,6.079775356492761462e-02,1.142867183418716515e+00
1.681799206271190616e-01,-1.594918783116879846e-01,1.021874548936632987e+00
-5.761313138026344371e-02,1.966025374867705344e-01,1.130544980842912883e+00
-1.301607593786040240e-01,2.369658812285885818e-01,1.002874051770640706e+00
-5.161976547666005666e-02,2.154483769713705366e-01,7.578908039887496395e-01
-8.268556391022743868e-02,1.270173643665317709e-01,9.883794440263254932e-01
1.172565506813032510e-01,1.075450961496831614e-01,1.081382703596946770e+00
1.585925577164452593e-01,1.629569186676814718e-01,9.055539855188325937e-01
-8.038941856138599740e-02,1.569369758982626095e-01,9.965077112784875846e-01
-1.778376722288790845e-01,-1.721434996315502064e-01,1.082487296919151243e+00
1.986978263037884607e-01,1.809433442415231408e-01,8.911253143308107694e-01
5.587417855711196424e-02,2.548450193557570964e-01,7.349446809567159455e-01
5.812063785498183810e-02,2.249890456344619261e-02,9.428782961700641341e-01
1.943584848816580224e-01,2.285966375361247471e-01,7.752657584628374066e-01
1.857675439549290597e-01,-1.201317574255424681e-01,8.447071927444719242e-01
-7.315401634463176983e-02,-6.374218922366502171e-02,9.143611600537459028e-01
1.164967400861361413e-01,-1.486802931839115161e-01,7.738916743978231372e-01
1.763817056144048601e-02,2.156668253097721033e-01,7.907418339051920375e-01
-1.233873469225616193e-01,8.369536698180723988e-02,7.542101594392554009e-01
5.451347404782008743e-03,5.093909509910971023e-02,7.857063474681101889e-01
1.854458243037054865e-02,5.012163972452582383e-02,7.233076986862734259e-01
1.471869983044588048e-02,-1.088773760816327540e-01,7.861975942348642388e-01
7.777043228779445538e-02,4.848676850680083694e-02,9.753057488879797177e-01
-3.147722501985766863e-02,1.556031251525232251e-01,1.060262032358868289e+00
1.218039391627208090e-01,-1.502110526704687476e-01,9.078764283110261069e-01
-8.497190490554565323e-02,-1.164544352135251648e-01,7.764936309098910971e-01
1.688113755079637124e-02,-1.221339599056795455e-01,7.734897898730783705e-01
-7.837734468714847857e-02,3.443471344105283882e-02,1.110586434251808585e+00
-9.363055648848189749e-02,1.050853393298840643e-01,1.041939806119407397e+00
1.238465939853838349e-01,-1.046770671843956224e-01,7.763860218560852955e-01
-1.184186791387279725e-01,-3.951615258028118305e-03,8.575478603987398696e-01
1.004618933923196455e-01,2.516536768468534691e-01,9.701944375809716803e-01
4.459705748486877952e-02,2.312729669509505093e-01,9.739566915316852924e-01
-3.379784286103193480e-02,-1.912299057548549897e-02,8.750382370967212387e-01
1.697828596167877957e-01,2.153041738929298288e-01,1.092166192697093141e+00
-6.291436275519446397e-02,-1.113226571110543517e-01,1.064573565890493345e+00
-1.454873391801793925e-01,1.995811285730959006e-01,9.524951583290534041e-01
9.781496801123218399e-02,-1.205847619747575372e-01,9.409459826491506362e-01
-4.456673646256367749e-02,7.172445402516963719e-03,1.034006783428004450e+00
-1.215130099001474895e-01,6.113873782257389644e-02,7.810578443135454130e-01
-6.704525201097927267e-02,9.322446284512525549e-02,1.143093075454313379e+00
-1.334923732502721616e-01,-1.039336358468399002e-01,1.100202730774023863e+00
-6.178150889141376112e-02,2.044142564084153735e-01,1.081651818502331386e+00
1.013136072611133809e-01,2.344312257279936307e-01,1.069084696853604299e+00
4.263435736467999226e-02,-3.680286606937729910e-02,1.052721639921322616e+00
-1.829080679155900835e-01,1.463788281246282685e-01,1.089520945945713359e+00
-2.832182862673979229e-02,-1.045784360999835738e-01,1.097651864814066958e+00
1.599102983435827796e-01,-7.183469227634856069e-02,8.550238584242640938e-01
-1.278324987711693117e-01,-5.522558239734404184e-02,9.248245739593519144e-01
-1.519765145738378731e-01,2.240481729609212214e-01,9.841241222827307178e-01
-1.662015666024426741e-01,9.705026644018452386e-02,8.830554356518479642e-01
1.669803229204816497e-01,1.073853194503445740e-01,1.105717577610183522e+00
-1.923202135957912395e-01,-1.208956235679620184e-01,8.550688855061968630e-01
-4.460143639118396841e-04,-1.637061029573654292e-01,9.020631073402716193e-01
1.573574203218195966e-01,-8.887899423950523792e-02,1.036248858682329521e+00
-4.322510364608908584e-02,-4.537922783903686197e-02,9.528459983725323657e-01
-1.643619828292705032e-01,-1.811567883552558933e-02,1.140564386814822972e+00
9.211553352399215466e-02,1.854482312955619272e-01,9.602143768792762435e-01
1.153926902750047612e-01,-9.657741862814178679e-02,7.841618754418508974e-01
-4.549632978999573751e-02,1.976637114287007613e-01,1.024839161997831871e+00
2.640853880116927899e-02,-1.066591355023883136e-01,7.713767478030683078e-01
-1.978861794580652478e-02,3.123293207122884718e-02,8.989553838664581242e-01
8.113100760896446717e-02,1.365992669863913545e-01,8.186040819653320755e-01
-2.942474314670939783e-02,1.820608469205017288e-01,9.841598993915903204e-01
1.793971979522054894e-01,-1.270749732458483772e-01,8.095074373596745643e-01
-1.291406981421377997e-02,2.312255247611499920e-03,9.976263699321537004e-01
5.639144119226777163e-02,-1.370842021680112044e-01,8.715381293901304227e-01
1.980070760774527705e-01,6.281692803629029820e-03,9.689942618671262275e-01
-3.057018767569530393e-03,6.759088494201001551e-02,1.100282504108418768e+00
7.542212705246353899e-02,1.186504954023950287e-01,1.108362804862426332e+00
5.408025941658434199e-02,9.032657284545153598e-02,8.543025817311186154e-01
-1.811956774892799771e-01,-5.101254092461778022e-02,9.593844856160433920e-01
1.389874613722566488e-02,-3.456201275147688379e-02,1.041764828787995922e+00
2.139653058206839042e-01,5.490134268199464707e-02,9.071279962391419760e-01
-5.354205289176849902e-03,-3.471518492862696315e-02,9.960222844930360919e-01
-1.252162955018710777e-01,-1.019525956327376193e-01,9.777982694786534479e-01
-1.362343849496719383e-01,1.937208703873404270e-01,9.791512412542603405e-01
-1.642859509891320124e-03,-1.307664500699690091e-01,9.012696494084202481e-01
-1.701482982408758504e-01,1.853525406439373024e-01,1.019652631294846845e+00
4.711186012433715709e-02,1.184085929766031109e-01,1.067102990676075169e+00
5.132067597846745599e-02,1.506944344331415664e-01,9.286695097680642830e-01
-1.780963224128662703e-01,-9.381282342383429063e-02,9.750175824010762771e-01
-1.260222869791627065e-01,1.449071953018077896e-01,1.076617406582952352e+00
-8.133653775465631008e-02,2.851477437375624091e-02,1.059793788963472982e+00
-1.263817099407117395e-01,2.573223425492925931e-01,7.406997989029816543e-01
-1.810920829435357371e-01,-5.343384324638185412e-02,8.587354219326334137e-01
1.635212816980171624e-01,-7.013687952464896236e-02,8.687286912622527169e-01
1.851257640187969900e-02,2.264367517208160097e-01,1.038749546801710277e+00
1.848704252777493839e-01,-3.572194696981707829e-02,9.178140331776324379e-01
1.730336236580268805e-01,-3.262701456342692596e-02,8.905818556098877847e-01
-1.727789342208387036e-01,1.326108098664513513e-01,8.857870981406936739e-01
3.961330817965508233e-02,4.472492767767871635e-02,8.143936569614886878e-01
-8.636809528517837287e-02,2.837441751424002456e-02,9.430840380929088607e-01
1.840964747548355929e-01,-1.156154759035008528e-01,7.867260909311432071e-01
-1.413919215051822054e-01,-1.414123194334596656e-01,8.630471984225487336e-01
1.211585573666930649e-01,-1.113057748612122644e-01,1.009287763011233796e+00
-9.686504904132420268e-03,1.145952175195195100e-01,8.881563527217137821e-01
2.113104249173314297e-01,6.596938982843097987e-02,9.214890096515964135e-01
8.818905710803404130e-02,8.715663695336994810e-02,8.617811482945283430e-01
1.444164162019804798e-01,7.179648703461402603e-02,8.810142227368377155e-01
-1.882266311905664569e-01,-1.045342892363028131e-01,7.878619412759044760e-01
-3.777759203603733851e-02,1.051087992534004978e-01,9.347346522257553580e-01
-1.448306090988666639e-01,-1.048225415360033996e-01,1.023697117590083305e+00
1.759164548442470610e-01,-9.463210092556995079e-02,9.617917605897470246e-01
8.411774423584561511e-02,1.932466526500600801e-02,8.142766668356689053e-01
1.054389114133872929e-01,9.779144682661664034e-02,9.312872033670936966e-01
5.928308121794328978e-02,-2.356266987723049100e-02,8.715822390415975951e-01
2.917833028194433131e-02,-3.253172319658803602e-02,9.446444977515868757e-01
5.254401317598178522e-02,-5.095656112786271785e-02,9.579644897992635189e-01
1.643562525348682413e-01,1.260486123077825260e-01,8.502723495500886797e-01
1.749170892678915679e-01,-2.957946764624469482e-02,7.534106980929198283e-01
8.467209450064594467e-02,-1.482140303188052011e-01,7.829556449034356103e-01
1.380759360676206415e-01,2.158307446539832752e-01,9.938114265554299775e-01
6.829982376290233415e-03,2.491218354616159814e-01,8.885724644891540569e-01
2.056776954055575257e-01,9.051231022999689513e-02,1.052130605337059599e+00
-7.963097741346879255e-02,-1.383541630861959693e-01,7.701757059829050789e-01
-1.846895791286720656e-01,9.287280006755951889e-02,1.072343616975999891e+00
9.999425676115591965e-02,1.365568236516434553e-01,7.513267874194400342e-01
-3.200818514347850141e-02,1.108820682631795895e-01,1.036113639594245850e+00
3.171742800819563057e-02,8.785889576352390318e-02,1.007186363007223528e+00
-1.634739084410963272e-02,2.237135951068575657e-01,1.038384705541696817e+00
5.008919323765734233e-02,8.847588167183423336e-02,9.240567074646519607e-01
7.669882743778233536e-02,-6.773956910771122830e-02,7.324378950132800492e-01
-1.013142235868244728e-01,-4.098881414223112807e-02,9.162591934920460979e-01
7.527095831178692853e-03,-1.452072984703172698e-01,8.040096556459961352e-01
-1.150066321420324389e-01,1.052757196730073064e-01,1.138045289850174502e+00
-7.609138519510123821e-02,1.794217710236301055e-03,1.149408160243422294e+00
-1.450536430673005084e-01,-1.118356027495870930e-01,1.072130351462996067e+00
-1.759081118971886348e-01,1.620303661143758789e-01,8.874618523124119251e-01
1.399502906388352397e-01,-8.592783531537775965e-02,1.138743553920928075e+00
1.613060312510825045e-01,4.685708255891818386e-03,7.710798764063909738e-01
-1.672605447436192605e-01,-1.583426363774219914e-01,7.792830948705492533e-01
-1.511496340170220276e-01,-8.923841485315833766e-02,1.107597272820867840e+00
-1.674323590061774780e-01,1.331765816689713389e-01,8.175574874930611191e-01
-1.451529738349312815e-01,1.138337336021623125e-01,9.426949053621216379e-01
-1.363259472547826145e-01,-2.329733042458062564e-02,1.103771056002777806e+00
-1.747919811519378086e-01,1.887460635693163358e-01,8.510526034064876955e-01
2.435830750288889290e-02,-3.356010150404756254e-02,1.029811324393340666e+00
8.725136732025762232e-02,-1.061514016838354668e-01,9.193131561571821209e-01
-4.541223364202526258e-02,-4.660603341563041013e-03,7.438862562216486118e-01
7.759527088173390208e-02,-8.071491662795815536e-02,7.651868219030990570e-01
1.979359960503864202e-01,1.632639240886314957e-01,1.100953674438081231e+00
-6.522774990616589386e-02,2.148089949273941368e-01,8.119932159831408924e-01
-1.026817895180217877e-01,-9.425305838113307022e-02,9.873952260327051311e-01
1.992590349907787384e-01,1.531414722758492331e-01,1.136457158290924419e+00
-2.004783292487927193e-02,2.511150248563793208e-01,8.815430031331966676e-01
-1.646344404830915042e-01,2.396509022047937920e-01,1.025114637850411459e+00
1.006556846698144492e-01,-2.324660821065074878e-02,1.079998654055445595e+00
-8.993365933955299596e-02,2.028414955755512006e-01,1.088151811134172364e+00
3.485483560028215799e-02,6.319147929236490491e-02,9.292457827483312505e-01
-1.733118882810211758e-01,8.928497629965628790e-02,8.705187474846350915e-01
-1.035975998943154952e-01,2.432105355905710420e-01,9.834260360690922909e-01
3.274216084398223758e-02,2.309930203304183527e-02,9.903415976814747834e-01
1.216269466414524048e-01,-1.551929401791380114e-01,8.942726319612350760e-01
1.205535206560167660e-01,1.292188728017410471e-01,1.058706557000238746e+00
1.117001498300672080e-01,-1.734500701221514396e-01,1.120791244301156286e+00
-2.245437529162011558e-02,-6.996200776479263861e-02,8.824257385172680213e-01
6.418337300093751585e-02,-8.832858651072186817e-02,7.924578329952460809e-01
1.766234356570831054e-01,1.373708015220850287e-01,7.894826233270041405e-01
1.663343062285116969e-01,-1.231992000212814298e-02,9.909779451140752204e-01
-6.651017524075802934e-02,-7.131067597362404642e-02,8.788080256444679161e-01
1.600900872735491753e-02,3.519190163313012931e-02,9.238957264192482199e-01
1.982601060243187607e-01,2.890034930542378921e-03,7.850645570520118355e-01
1.051052061088680878e-02,1.750458475649804835e-01,1.114789186517975539e+00
1.088392696769468482e-01,1.222727258499075043e-01,9.378671335523246499e-01
-5.154875864014632492e-02,-5.273733755817291979e-02,7.964035875177526425e-01
-1.372400673611284538e-01,2.079636320385542247e-01,8.806177849949095027e-01
1.212340247427198259e-01,1.654171735118798447e-01,9.609766642485293442e-01
1.246301494014913080e-01,-4.453689091294343871e-03,9.385071315282664806e-01
-1.487965889447401269e-01,2.094304766647116511e-01,9.370923821319913083e-01
-1.739132488455320535e-01,4.010627814523348711e-02,9.624139860974046945e-01
4.852610046651903430e-02,-9.800860493640090043e-02,8.498216596840882930e-01
-5.554821795746556212e-02,1.904628540595729724e-01,9.994364550028913552e-01
-4.037883563192745662e-02,1.502178028437797797e-01,1.007346504194858161e+00
