1.503223803199687514e-01,1.390912536985990933e-01,9.197654665722977407e-01
1.299441101546671695e-01,-3.405232066571715899e-02,9.295915852726976958e-01
-7.792943469510743570e-02,1.327239471519909841e-01,1.007609956858761757e+00
1.398696921077432487e-01,2.043495070843738270e-01,8.647931757532457686e-01
-1.158239886719952816e-03,-1.287829515224953869e-01,9.327474633341928945e-01
1.125539854745116752e-03,1.789477088193703880e-01,8.610515655943142832e-01
1.008101955878472622e-01,-4.286852403456720140e-05,1.076581999018930702e+00
1.653534247223589770e-01,-5.378489649212787882e-02,8.631187281121091015e-01
-9.083075246708083306e-02,2.300572213306855685e-01,1.064507781097262962e+00
1.096685509524233937e-02,1.989572755673134075e-01,8.100087413234913214e-01
1.325821269780388945e-01,3.861471400619104211e-02,1.156238781808099469e+00
6.462558559457959317e-02,3.310559188439499145e-02,9.250043846431588168e-01
5.591348646223465169e-02,9.599367457644997215e-02,9.464782567891039111e-01
1.736751070466386326e-01,1.531878969229707455e-01,1.138742779789336801e+00
9.142357099674325305e-02,-6.172712252500628383e-02,1.087321988449995835e+00
1.993247216028667945e-01,8.495347060325983413e-02,9.077310338397484024e-01
1.405375584434495617e-01,-1.052508948018406887e-01,9.601058128933600555e-01
-9.652427579102212940e-02,1.165392634154497342e-01,8.166486463109645655e-01
1.418073743572606515e-01,-1.069281547274634203e-01,7.902724142531234452e-01
1.720039382547727813e-01,4.037806906452917621e-02,1.037539252859344785e+00
4.604618137984117787e-02,5.682167683636663025e-03,8.831925327594412067e-01
1.984854527806994562e-01,-8.386479402150714968e-02,7.933386667944003490e-01
-1.674302323334354026e-01,3.763176834762088641e-02,7.497591520425755940e-01
-5.363037987107444060e-02,-1.058298124043869359e-01,9.731595023486948604e-01
-1.106301357667647256e-01,-2.451208932876999813e-02,1.050945933074403316e+00
8.012571227823100939e-02,2.228891253988395382e-01,7.758812957663783205e-01
-8.971109467085353062e-02,6.947646005874391628e-02,9.361517449188405671e-01
4.536972902656999374e-02,5.565005143735146653e-02,8.546437342433139683e-01
3.768571821100338837e-02,-1.538283774019652828e-01,1.041987014052491833e+00
-9.538389273087188869e-02,2.146003409678551299e-01,8.989776093069781204e-01
7.202000090114585307e-02,9.730289617879472885e-02,1.018854735226325969e+00
-1.910612569165917596e-01,-9.664106533353722384e-02,8.989965056183331082e-01
1.577968503870820771e-01,5.382429286699785820e-02,9.315713674770160768e-01
7.527974887641081247e-02,-1.438653680215031816e-01,9.303166719194838619e-01
3.730673627674152559e-03,5.254818381064349508e-02,1.065383270383087222e+00
-4.732837565669445468e-03,1.510589393160340910e-01,1.114055693072607767e+00
6.015024113601963318e-02,-1.406188418345201419e-01,1.057312706501846833e+00
-6.522339711817265462e-02,-8.513675514074772743e-02,1.049170532091718400e+00
-1.410885153250100721e-01,-8.274375913035980634e-02,9.702137297347676048e-01
-1.308445599657134251e-01,2.486740318619302670e-01,8.224965203632089716e-01
1.359301484846454633e-01,2.078700967326425619e-01,7.710486044095963276e-01
1.647760246826414643e-01,-4.079472988474447392e-02,7.435578705140877265e-01
1.906270429250412901e-01,2.141732337101333594e-01,1.113116722850316265e+00
7.653190268422860321e-02,1.281526063208086597e-01,1.103487376745535098e+00
-1.059226281923684176e-01,6.845816535066212571e-02,7.590112153841761522e-01
1.037994730285033418e-01,-2.226772895629136606e-02,9.893856973518891929e-01
-7.563574243811786724e-02,-1.357814225762182803e-02,9.823367361117629759e-01
-1.686183251578219078e-01,-8.618538869310446437e-02,9.551611236591956988e-01
-1.926885270729239430e-02,-1.136689079975188310e-01,1.102049554828322897e+00
-5.066183880172731024e-02,2.795892243387715359e-02,1.031636257462902329e+00
1.814951439370635078e-01,2.330161278443222406e-01,9.618209885492544631e-01
-1.572617424792869256e-01,-1.105979622958890296e-01,1.028009254399116834e+00
1.805675525909902768e-02,1.247884607360566500e-02,9.519311242946647544e-01
-4.316324078995631419e-02,2.277895286652643625e-01,8.624565022743582166e-01
-1.625942937747219819e-01,1.832862193967660924e-01,1.031084472023305221e+00
-1.385483179328219350e-01,2.602984775542216411e-03,8.255836386710323493e-01
-1.339032971907267722e-01,-9.337787752327907087e-02,9.162237863589587361e-01
2.083877570566576853e-01,-9.361492823390929474e-02,9.001464117716656554e-01
1.779332748063858771e-01,-3.491973703046591382e-02,9.521656036322803107e-01
5.189197713528095890e-02,-8.491742719797895633e-02,9.005310943889430764e-01
-1.728073361512798556e-01,-1.013818625376127491e-01,8.504760938959917693e-01
9.819611912629960804e-02,1.567854150248508827e-01,7.816369169948870210e-01
-9.444342291207866169e-02,-1.232772006081095939e-01,7.301237367358766051e-01
-1.302836075613036937e-01,9.344155180673324734e-02,1.146242664370900055e+00
3.672390802769923135e-02,9.514681039495809234e-02,1.091150789016480438e+00
1.752683106947489633e-01,-7.642194765906294707e-02,9.600744125280937791e-01
1.326981066829973632e-01,-2.707612939387843420e-03,9.764086074637504664e-01
-1.899299010910231178e-01,-9.171530588733539657e-02,9.572722213574249572e-01
1.896624062583456283e-01,-3.945566707110362281e-02,9.113232773070326642e-01
-1.413577418172309030e-01,-5.643642290100259196e-02,1.095534054440333360e+00
1.045532026130402414e-02,1.903834509908160499e-01,1.028099179511128725e+00
-2.138084926402633590e-02,8.631338988625691933e-02,8.989050700035164931e-01
-1.752562493881575922e-01,8.298676649541242289e-02,1.004202307235930292e+00
-2.927274470503044013e-02,1.556668304725318808e-01,9.336673292845395489e-01
6.408208160524220265e-02,-2.836408570268100782e-02,8.020826964661044167e-01
-1.426366850108830298e-01,1.867894925553967855e-01,1.091140619795929023e+00
1.461239337818395767e-01,8.425061512122206109e-02,1.015524402248386027e+00
1.126504194080160670e-01,2.051286803649010615e-02,1.067494734025041581e+00
1.301792931962975075e-03,1.867757555891751964e-01,1.144730441332051818e+00
-1.412714089413207030e-01,2.019710194608153042e-01,1.059957455478393262e+00
-7.181211083610193613e-02,-1.343553337583231755e-01,9.440581050272049968e-01
-2.006384655707232900e-02,-1.147210801686005532e-01,1.050253296363821587e+00
8.249124152070136384e-02,-1.608292214673019416e-01,1.132671847534351572e+00
-1.520790133733213312e-01,8.221714770123789151e-03,7.274414251609000459e-01
1.428573736646844838e-01,-1.217627798122494776e-01,1.092089128921303498e+00
1.896596978259204036e-01,-1.110507823587155163e-01,7.488450774349657557e-01
1.657385688778383326e-01,-6.627634181365948951e-02,7.639611526629146443e-01
2.026870722565654592e-01,-5.128973469098963012e-03,9.232936977175090210e-01
6.557536539281649812e-02,-9.152977438861314985e-02,1.151119676473167708e+00
1.716686513928379343e-01,2.164040874696850358e-01,1.071024817892364922e+00
-6.818602253507997923e-02,1.266450632570834123e-02,7.583617802291351406e-01
-1.514044772624365542e-01,2.054740950282410439e-02,9.485451502107062893e-01
6.949931954462562622e-02,-1.165003165660545292e-01,9.135341603540747535e-01
-2.899514108247278066e-02,-8.152695113549990324e-03,1.058760669533199916e+00
1.130340312736177744e-02,2.383327362998074461e-01,1.037433031525061278e+00
1.251446185152175761e-01,2.652582684958604275e-03,9.284421985905786379e-01
-6.331825359499776429e-03,2.119844333033223394e-01,8.075950156312210471e-01
-1.009397561260213794e-01,-1.487052527660913670e-01,1.011434899118806019e+00
1.279364153111055558e-01,1.051964023743837129e-01,9.439722615753427526e-01
8.255138228887198837e-02,1.368112883297147864e-01,8.488898055068874182e-01
-1.386834924442220118e-01,1.905762647643347574e-01,7.661458820112144741e-01
-2.992059344177083746e-02,-1.239245861871512422e-01,8.541951160246790131e-01
5.047781921255359294e-02,-1.494492804394493835e-01,1.068210408873816686e+00
-7.747056181520549367e-02,2.415240697920338908e-01,7.689784290435700553e-01
3.693885679709904557e-02,8.020640786075095008e-02,9.758536490956138953e-01
1.234504545973113543e-01,1.506289669233995543e-01,8.695133520435232022e-01
9.652669912731004498e-02,9.730200920154252753e-03,9.615519597171033883e-01
-4.116992582096246078e-03,-8.430994769901195562e-03,9.583432480360810635e-01
-1.684655901782758647e-01,-5.104012931045467938e-02,1.061752460883626625e+00
3.174868459898366746e-03,2.011209778275594440e-01,7.437777216619992915e-01
8.885694484951872640e-02,1.379365084308953326e-01,1.012109736785636649e+00
2.171755090961686729e-01,1.951130692373908571e-01,1.016718731202263859e+00
-6.789514737962383528e-02,-1.025498332559499071e-01,9.121567062030605522e-01
1.741949399932375964e-01,3.761176213031794391e-02,9.000986156857968545e-01
1.721348460743559183e-01,7.492073920867425851e-03,1.077914816091907646e+00
-1.042626465243594591e-01,-9.456043783047191065e-02,1.141378552330341023e+00
-8.721164872295919523e-02,-1.132452529042680123e-01,8.026337753641907824e-01
6.047344445445287930e-02,9.972891237327349834e-02,1.011081739869247542e+00
-5.039981089850567586e-02,1.461203114372494616e-02,1.013085716059222818e+00
1.788184855600196688e-01,1.979026334154740385e-01,1.001197413964874716e+00
-7.863794124205379654e-02,-1.375076813919743624e-01,8.051604191953010137e-01
1.240202713467019047e-01,1.075873672132685588e-01,1.143535958554261711e+00
-5.308182617032883299e-02,-1.203553367961809062e-01,1.103307026879848607e+00
-6.281903580054684633e-02,-1.646447661608746726e-01,7.867938613597504904e-01
-1.126132878667388815e-01,-8.015569001055640463e-02,1.017598780182081386e+00
-8.515979727481406969e-02,-2.395407670147511880e-02,1.033537850499040012e+00
-7.780783264933421872e-03,1.171883942580181359e-01,7.837942091141585355e-01
-1.376514316778906233e-01,-1.185752466584909515e-01,7.755590999909194316e-01
-1.684710433630143278e-02,-1.433281408458690620e-01,9.380626695126629278e-01
-1.192755412318462493e-01,2.301570987716466954e-02,8.156551654352516278e-01
-6.285487913234938384e-03,7.728168189414033606e-02,8.399652082028448152e-01
-6.198878544463326534e-03,8.936630625151825713e-02,9.498799670766481240e-01
1.217902875301440369e-01,-1.296620602232927966e-01,1.053983558460056091e+00
7.499924117755663033e-02,1.321922511921050924e-01,9.595386905320573145e-01
-1.426308651383238202e-01,1.264041351219026277e-01,9.019996649907907615e-01
-1.023813596297217521e-01,1.599919014470838063e-01,8.597870351814841383e-01
6.246748542120955650e-02,-4.346595680099607506e-02,8.156884584942101224e-01
4.912557213698481862e-02,-1.407364306986460534e-01,7.878269102479236174e-01
-1.576435517204381187e-01,1.431640362933404020e-01,1.063655784473183985e+00
-1.011378376250986477e-01,1.381796423558253051e-01,1.067835254173545856e+00
6.120388786782604562e-02,1.922262733217069419e-01,8.016950357437633290e-01
-9.249702666106085491e-03,-1.651750014465147576e-01,8.497494863138271848e-01
1.904494931545004932e-01,2.052269964226732801e-02,8.883016726500513327e-01
8.651564112996046330e-02,1.501734370482583070e-01,1.087504521881723862e+00
1.022453112440470102e-01,2.212840080249576791e-01,8.889975335090241071e-01
-8.929916024082391879e-02,9.337334345976172623e-02,8.905633271246449212e-01
-1.188849140601767607e-01,-1.359502949085620305e-01,9.752485336700769114e-01
7.519036982705556982e-02,-1.277099391193484146e-01,7.656506191042915521e-01
-1.047826362432037473e-01,6.921932524606461135e-03,9.017696926353926390e-01
1.060359761189838546e-01,-2.194133994092575812e-02,9.316100564328546607e-01
1.001510853467425521e-01,7.815023737873438847e-02,6.981928335569156374e-01
-1.877582639439276946e-01,-1.106306281034827865e-01,1.102465235179592717e+00
-5.442296046799285913e-02,1.755883681126106932e-01,1.075173014927726545e+00
-1.229680411731847445e-01,1.485636430631389615e-01,1.030478252653505677e+00
4.570973667475120017e-02,7.333089151540911343e-02,9.513195476237163994e-01
1.357923460767148649e-01,1.343695316508937698e-01,7.561904657654886508e-01
-6.565696955726912920e-02,-8.537142214740273127e-02,8.229038492066800270e-01
-7.238310447834753192e-02,6.223360879546632751e-02,8.720479309999463746e-01
2.008219081086764501e-01,1.403376826101336849e-01,9.871361123087866174e-01
1.022678330392109425e-01,1.807881249960910375e-02,9.281219394539368395e-01
7.975214596582513860e-02,5.968870133968895431e-02,1.076017781880864721e+00
2.140312814343275916e-02,-3.042304773309309485e-02,1.148222752912037237e+00
-5.670384562075311830e-02,2.314749127420818731e-01,1.114231670625944748e+00
-5.143417397498786792e-02,1.890881269963036737e-01,1.130014378288554555e+00
1.376197071410861228e-01,6.101093785812486403e-02,1.134783385230842878e+00
1.201050090526291636e-01,6.523008437754396205e-02,1.163048664242134933e+00
-1.381541539986546607e-01,2.095819123367003711e-01,1.130108853344991005e+00
1.172192731167343016e-01,1.207748867190264197e-01,8.474275710292042962e-01
-1.218772220476579404e-01,-1.054146653017790369e-01,1.028313528416723299e+00
1.300390473929728952e-01,7.723142619341233361e-02,1.055313823922388483e+00
2.054165182851283578e-01,1.149549731029294586e-01,1.141636527354093600e+00
-1.101658854094961920e-01,1.533842837265026460e-01,1.062418589418254067e+00
9.182018138882785951e-02,2.528865003035304926e-01,9.145397227530018824e-01
-2.685129694889387686e-02,7.532992042147218514e-02,1.083479311347710583e+00
1.850436818853515297e-01,1.076349368527812489e-01,1.008330685956696282e+00
-9.292094946933159016e-02,1.839112184705724018e-01,8.751783138070750034e-01
-7.738447601397163700e-03,1.369531026894326153e-01,9.275333400480828550e-01
2.006091883429271250e-01,-6.946591305584962073e-02,1.087276473835795620e+00
-8.103344161147903180e-02,2.128609024218608980e-01,1.031353441942224336e+00
-1.855377725883519124e-01,-6.936563043955651375e-02,1.064455403083260254e+00
-3.816247281551618520e-02,1.737530490682984152e-01,7.875396924695050593e-01
9.390093972042135029e-02,-3.777770117817766393e-02,7.690386724415203545e-01
3.238268640622118943e-02,-3.977311555736848248e-02,7.745290519874492574e-01
-1.534280663295619629e-01,2.782342459004072399e-01,1.001719695194090320e+00
2.030369458505962288e-01,1.416276742087948515e-01,8.649859410715603492e-01
-6.942980043890473185e-02,-1.510937499615198909e-01,8.170550074959674891e-01
1.102426128605730749e-01,-1.649079189306230653e-01,1.108482165693069010e+00
6.442911274660995113e-02,2.207908747500818558e-01,8.850193792585925312e-01
1.328254336955649872e-01,-9.050282224952993504e-02,8.680245230434482373e-01
1.831642602204646142e-01,2.268932324945830414e-01,8.256452582975396526e-01
4.722388420839904177e-02,1.036272906131220362e-01,7.534880575417568505e-01
7.181454816019144927e-02,2.192927632001837046e-02,8.437236690886849022e-01
7.195553614907340689e-02,2.065381339645644410e-02,9.824358464990989859e-01
1.361427991460712472e-01,-1.319539961100181236e-01,9.240841078982975354e-01
1.460235934571887939e-02,2.252787492165345129e-01,1.104561557282711215e+00
1.127474419775602033e-01,-1.195711885753588666e-01,1.062380822323196972e+00
-6.965341526116008986e-02,-2.413118135430844524e-02,7.949848729385398105e-01
1.423393770735223440e-01,-1.408108602219042271e-01,7.851197494289477996e-01
8.261111415100946820e-02,6.501656502214667177e-02,1.067899884145372846e+00
-9.953428596471210199e-02,4.146366883543950443e-02,8.323752584943331367e-01
5.346351872182469878e-02,8.692318654656172594e-02,7.728511849725343552e-01
1.196029570410422904e-02,-1.241624851287107811e-01,7.634844110477377876e-01
-8.298659484000024678e-02,9.562309687097381161e-02,7.897468055385347130e-01
2.280245998937946439e-03,-1.389608542493825094e-01,1.102082999100080674e+00
-4.171186715307517723e-02,-1.138006144928515040e-01,9.882434418677592536e-01
6.910691463898727127e-02,-6.349473240031713872e-02,1.099026971859158541e+00
1.664156220878296177e-01,1.091529947462805961e-01,7.686366415811347608e-01
-8.547724082445454230e-02,-5.484160434120495531e-02,1.077347214283787658e+00
3.731630432087004734e-02,-1.589342738326166848e-01,1.125092916439925039e+00
2.115896212648714081e-01,-1.560074492538985891e-01,1.081808499465356732e+00
-1.340169148206673544e-01,1.027467165818652384e-01,1.031950945118522922e+00
-1.374185959087664832e-02,2.025097643924687607e-01,8.843848517871059078e-01
2.688862763460780902e-02,-1.315505985027622671e-01,9.103239582959082865e-01
-1.377097760693604678e-02,2.405393460917260029e-02,8.425981399903813562e-01
4.398959299629234820e-02,1.704536967050096496e-01,1.151526916849241466e+00
5.469442484407044391e-02,2.173547111973633816e-02,8.528390952237899780e-01
1.934899842399424030e-01,-1.309150791630983857e-01,1.116792571105249543e+00
-1.575187338589892350e-02,1.916501580968201779e-01,8.978572441129583082e-01
-1.215629414257145546e-01,-2.741953663718979528e-02,9.141708289355316985e-01
1.548270877455365513e-02,2.170062426277472589e-01,8.804836575469175974e-01
1.087058067065633238e-01,-9.586285910863084903e-02,1.149741605692006230e+00
7.806099926371129483e-02,-1.345170422960798029e-02,8.780894071903851961e-01
-5.282345206540020599e-02,-1.211986087700756554e-01,1.010887024870406714e+00
-1.505540217700759298e-01,1.384727022261488805e-01,9.991861822540313298e-01
-1.215295619429105634e-01,-8.325059215881963626e-02,8.467586756638363354e-01
1.668192502062041394e-01,1.388911166430696342e-01,1.027968596795872713e+00
1.573466074484336508e-01,1.594421274489343787e-02,1.077387870138193815e+00
-5.833102063646494750e-02,1.125523094671382895e-01,1.121424616504129723e+00
1.655259912157771018e-01,2.389164675133424454e-01,8.834131073661597444e-01
2.092189612799841281e-01,1.655840861729168112e-01,1.022090983310994350e+00
9.393309125611243315e-02,2.105321418687346458e-01,9.583818736875472366e-01
7.372607656756507977e-02,2.402869880600335128e-01,7.808694489797332050e-01
1.349229243726166039e-01,-1.505619202095315190e-01,1.094137061721582871e+00
-9.100088308469894693e-03,6.434525235498086970e-02,8.610608567790457579e-01
4.675027519950533672e-02,1.935728755434666382e-01,7.464048706904649055e-01
1.450407056680664275e-01,1.884208870435212790e-01,1.088823357205793485e+00
9.283738191029150544e-02,-8.240790623046251318e-03,7.691305952889867514e-01
4.417083651916051124e-02,2.264817569406273878e-01,1.093620734817813966e+00
1.228537018870229369e-02,1.140616659553655987e-02,9.532136667370882943e-01
7.140649972585089156e-02,2.958602239283009139e-02,8.184812999658901411e-01
1.478709155076907700e-01,-9.661716161095817990e-02,7.663809506965207907e-01
3.380587333363713198e-02,-5.919191023024344966e-02,8.459123963548900171e-01
-1.346765310438355900e-01,1.779684649607792268e-01,1.086985253290968512e+00
1.593940273802077479e-01,7.192402020033411558e-02,1.038943432574638059e+00
3.296554527366318821e-02,1.775269516707195239e-01,9.004262562769221878e-01
1.501735338471478776e-01,-1.310031332237469870e-02,8.128061443834664335e-01
-4.969627923021918692e-02,-1.287999926365446246e-01,9.753124368855153881e-01
1.203252323582075789e-01,-6.183716419964216393e-02,1.111794067023132992e+00
-4.540785764784041612e-02,-1.153428670043804560e-02,8.060929382775795515e-01
4.066555510900904391e-03,1.027170418480052305e-01,8.936520297293647497e-01
-3.310654372401841683e-02,1.291908840518279922e-01,1.168007776984886670e+00
-8.829619275730449246e-03,-1.995736529564395845e-02,8.422009192208105288e-01
-1.398598795947274265e-01,6.044965908857724557e-03,8.868542238021446256e-01
3.374696993380549292e-02,7.309052711920555057e-02,1.037008331415916196e+00
8.055320531618970215e-02,-1.399286829776583141e-01,8.965603422947776568e-01
2.201551945466686533e-01,1.087061383466907394e-01,7.111340207055295570e-01
-1.451613063191675712e-01,1.554325325746791497e-01,8.995182366021350351e-01
-1.884216235811826401e-01,-1.245928162440490539e-01,1.003271945136424481e+00
-1.059143646500525782e-01,-1.548551283174136872e-01,1.099064992730010237e+00
-9.903842906817882097e-02,1.961569351417571383e-01,9.207020743926909168e-01
1.156320140993458145e-01,7.576805116098203619e-02,8.687706143514893897e-01
8.689812296304777472e-02,1.033927079569652574e-01,9.752405122430051199e-01
-8.559631940236173131e-02,9.733130415349366960e-02,1.022680705106590482e+00
9.092903157930648517e-02,-2.223974340804768524e-02,8.791888788353506845e-01
-1.290985896915290698e-01,2.278127504816367943e-01,8.963311826547266659e-01
-3.336134827569159356e-02,7.742611991000117322e-02,8.670587206485547149e-01
1.870431833034769120e-02,2.619513687797840884e-01,6.951637966841417438e-01
1.123056650914580068e-01,1.972618621538579919e-03,9.416318066151722066e-01
-7.676731240756176633e-02,9.403413455541553834e-02,9.972379742022464688e-01
-1.511604366820848699e-01,-3.560446818837692540e-02,9.488706965175373043e-01
-1.765771706866015589e-01,1.780672982239305258e-01,1.083263779164418850e+00
-1.421758384674903786e-02,-4.938828001168045490e-02,8.613717825625342162e-01
1.662081390912534262e-01,1.069965111607509844e-01,9.630608087409828766e-01
1.017268314251728589e-01,9.524833510128960512e-02,8.994663630489956319e-01
4.069980995001318269e-02,-6.940219149570535373e-02,9.188994498041479497e-01
3.439504386812580750e-02,-8.688504323210005653e-02,7.707911314435742511e-01
-9.922199648370977343e-02,1.107817392321056027e-01,1.096627426045098330e+00
2.107324295830501071e-01,2.119507407636191387e-01,8.620881870193174423e-01
-4.276075391469633113e-02,1.720773992186117041e-02,9.189846604765179450e-01
-1.354951464540536110e-01,1.231424018391870656e-01,1.073305586444646575e+00
3.351878958946458154e-02,2.025508250828871315e-01,1.018704643984446268e+00
4.220915122214460857e-02,1.804086708745999412e-01,9.256946848060008115e-01
-1.339098115463863425e-01,9.343072893151282976e-02,9.481026926893946216e-01
2.017945747240819654e-01,3.990344331350009766e-02,7.495262032865182000e-01
1.100602254963961579e-01,1.467707024767834212e-01,8.437713849957728662e-01
1.189442898709147656e-02,-1.126573459334616611e-01,8.705315295165344525e-01
-9.831882172758171778e-02,1.762098061974748386e-03,9.407178995829830193e-01
-1.462920884221507178e-01,-8.945663700838038523e-02,9.840318279986984829e-01
6.062415420112932107e-03,-3.097119514485774383e-02,1.036124875760569441e+00
1.999584829690445598e-01,1.523575876407052831e-01,1.091257196757561498e+00
-8.038963969300394474e-02,-1.104864294698976179e-02,8.914831289399551828e-01
1.417569241798468105e-01,6.086850333096260890e-02,8.794393465381621366e-01
-1.712104618187078042e-01,1.980650320883332594e-01,8.597491655876282612e-01
-2.319457562921459215e-02,1.471327182138976175e-01,7.864519335374930975e-01
5.302564539987336678e-02,5.383873219686474698e-02,9.298150206823247998e-01
1.023383456229128852e-01,2.584925209796161139e-01,9.978211303453512482e-01
1.132457712709436515e-01,-1.191285429012306496e-02,8.438213608287541412e-01
1.537487244629643923e-01,-7.260221998175997449e-02,1.077476794462606913e+00
1.157855564741985810e-01,-1.392525291881352156e-01,1.092348245764021453e+00
-1.622824901057209890e-01,1.304483384314779337e-01,8.075247430901186796e-01
2.249786125025940442e-02,2.517815383311639010e-04,9.005080493954076282e-01
-1.541079199878258310e-01,2.375399215905623085e-01,1.139170951617153316e+00
9.007841955641598952e-02,-1.470391243013582372e-01,1.083190915013018119e+00
7.427124288115971584e-02,-4.317326142577049275e-02,9.792938251897448376e-01
1.529557833845032189e-01,1.260432541865261769e-01,7.937004246102924432e-01
3.882128458601194487e-02,-7.823003209887890996e-02,8.988665816501586470e-01
-1.399837682436276820e-01,-1.338025802512246565e-02,9.605943949558860551e-01
-9.813851438507099900e-02,-5.276184127205177377e-02,1.099400693722421885e+00
1.111760640134625833e-01,4.122386884362883031e-02,8.091753319720493831e-01
1.274105377149975515e-03,2.178478253689025146e-01,7.672241305238970410e-01
-9.532903844147809502e-02,-8.996549234113371263e-02,8.938404523994613049e-01
-1.648691589199020313e-01,-2.254122685137405213e-02,1.019617237811595745e+00
-9.014211648476502803e-02,6.841192730909653741e-02,1.095485254625287563e+00
2.116273824839281503e-01,-7.954602543703351292e-03,1.058213051722923348e+00
1.363597475881225818e-01,1.924144482606202633e-01,7.511282486082345722e-01
2.207052715459972836e-02,2.389012382339200657e-02,8.153081293577099098e-01
-1.616378706565577417e-01,2.050114098843247024e-01,1.167481935748547084e+00
-1.613661133354607480e-02,-1.227342363644443046e-02,8.900264181442683054e-01
-9.122636991509898430e-02,-7.709998456238609243e-02,7.674917929220382851e-01
-1.079358868602492416e-02,1.282629060786860675e-02,1.067896058848478935e+00
1.253580704824514003e-02,-1.650828392107318576e-01,8.209126095509546861e-01
7.107280058137460665e-03,9.730881975146571383e-02,8.250443697646320240e-01
-1.088600641606315700e-01,-6.361847849556317991e-03,9.432383635682454193e-01
1.314731738000575190e-01,1.927761367168354112e-01,9.040704991017708414e-01
8.658788936682676463e-02,2.916304036350331197e-02,1.032903995558260846e+00
-1.058488666559538882e-01,2.997702037516386531e-02,9.720371459134379277e-01
1.207897692137129275e-01,3.962827127037910069e-02,1.083679886601771392e+00
-7.113124709256457567e-03,9.365765460349573246e-02,7.770142638369132992e-01
-1.607198589867992189e-01,-7.774479881766543921e-02,7.877617176046440850e-01
1.574691724898898415e-01,2.008162640658854303e-01,8.409663725440308379e-01
1.294698084299989449e-01,-1.783363001808537518e-01,1.173497947027283272e+00
1.392943533924235200e-01,-5.257785853054422476e-02,1.098781052935531966e+00
-4.603131759818943070e-02,7.134765515308449935e-02,1.062228155479851388e+00
2.712123084081063951e-02,-1.048887300977482950e-02,8.206063058096308982e-01
-1.211880594602031125e-01,8.931501329286822832e-02,1.011332629893456847e+00
1.536988458832854731e-01,1.903416708193684248e-01,7.844805045012662736e-01
1.820225581841101170e-01,3.113845947449847551e-02,9.278855422446413703e-01
6.221953742672439724e-02,1.311370836539941243e-01,8.757160215721057073e-01
-7.409878042028404665e-02,2.479565977491411388e-01,9.703186062359228092e-01
1.353982743014303103e-01,-9.508124694811626032e-02,7.882459029925765748e-01
-2.074616817104152355e-02,-1.033430781737642579e-01,1.125719822702281547e+00
1.328004882858919156e-01,-9.077542100988034157e-02,1.021984762285462978e+00
8.929773171682925392e-02,-1.171105371875288403e-01,1.048132221179511880e+00
9.434546288742684528e-03,3.633343667333116533e-02,8.021626323702244488e-01
-1.369852351558062120e-01,-1.242797589805664793e-01,9.198348187918068408e-01
1.521112431300887802e-01,-1.056226366671826344e-01,8.722780336257894840e-01
-1.654390680803960456e-02,2.305855822637636887e-01,7.298151822303772240e-01
9.341244134217585593e-02,-2.748849526878982541e-03,1.110175254874742112e+00
1.439275287335750053e-01,1.803717048239701914e-01,8.199436651485189076e-01
1.939413375581938159e-01,1.674848805048538281e-01,9.837262227225389566e-01
-1.894467159474991225e-01,7.779792282657782554e-02,7.904099658831038600e-01
-7.142013321219083111e-02,1.494247239555404061e-01,1.077989833836873190e+00
-4.864388329856147997e-02,1.484891774372348872e-01,8.585085297750207900e-01
-3.941481293855378376e-02,-6.179438844006193698e-02,8.846883108684289176e-01
-4.725831392777957163e-02,3.325152628584385206e-02,8.550184266037020864e-01
-1.021277130954766216e-01,8.956112980726721462e-02,1.089516397936600711e+00
-1.255747831331294473e-01,-7.638099358867556088e-03,9.752720508452630277e-01
-5.143402134757188437e-02,9.587689748214850427e-02,1.053433318367485771e+00
1.728200675840329548e-01,2.145089883330766889e-02,8.924146867760885948e-01
2.059975646167570562e-01,-1.032767283171726058e-02,9.370418876615018711e-01
-1.650771773134143694e-02,8.080659134356524276e-02,9.756854385861448709e-01
-4.260342202410524748e-02,2.181722823254965138e-01,8.168305735019173452e-01
1.906959395306973559e-01,-1.561859099234188253e-01,1.003959392814631091e+00
1.649103843622212184e-01,1.044034706139520541e-01,1.097792753058491666e+00
1.111365600831418221e-01,5.230796905904849803e-02,1.141580632115087868e+00
1.690648193069284044e-01,4.560951430508128346e-02,1.095742663822457441e+00
2.037042369570708500e-01,-9.068286236652484122e-02,9.234767863608837057e-01
1.557315958367845865e-01,8.482561377908853784e-02,9.619114322350417190e-01
-9.201696662629413326e-02,2.463494792336157757e-01,9.298307346914835847e-01
-9.646925840727821333e-02,-3.380233794754100574e-02,1.013885832269381337e+00
2.877331967793556045e-02,4.542673328415594569e-02,1.044754340042013840e+00
9.058185311115274363e-02,8.402668493371506786e-02,9.843458659919311904e-01
-1.020304227806838604e-01,3.608234925030762152e-04,9.463571703494622067e-01
-1.696039585259846716e-01,2.208886681407716823e-01,9.902506286837742255e-01
7.871702146577341797e-03,9.919139068258103764e-02,9.368901753840497282e-01
1.699482983263452263e-01,2.672541008726514455e-02,1.052288838966733087e+00
1.198304007310479480e-01,9.077676227749101323e-02,9.640639407578807107e-01
3.523912280726182455e-03,-7.561815918669481662e-02,1.023491502075400295e+00
-1.538764731775792982e-01,2.268010121361309639e-01,1.101355685770838422e+00
4.766168201602449805e-02,-1.307935978438585778e-01,9.854916937200010052e-01
1.071661468583023913e-01,-1.193442916400102305e-01,9.760531749436573978e-01
1.910565506354931498e-01,2.179442982706920051e-01,9.493174134445264700e-01
1.836130184939614440e-01,8.959923744552988900e-02,8.168281440046567532e-01
-6.195591756621406099e-02,1.585318106895998724e-01,8.271128034723890243e-01
2.165459303625186238e-01,-4.527975261546701713e-02,1.039313484992946179e+00
-1.419147820983525932e-01,1.536674264559063086e-01,8.731141301440096258e-01
1.526439639680646221e-01,1.384455650273758720e-01,1.066811410249989933e+00
3.656026885047181096e-02,-1.787819656187371875e-01,8.254271630807937798e-01
-1.071339493213307181e-01,-1.116932367335983778e-01,9.032275875334838666e-01
1.104538791636874295e-01,1.158701902851238530e-01,8.128856512915585419e-01
1.970614264763110302e-01,-8.119351555186932190e-02,9.798434835447842328e-01
1.692239011502314483e-01,-1.436386964711309777e-01,1.116898543055294013e+00
-2.013230543852539967e-02,1.908269278215113385e-01,9.712514644714647094e-01
-7.028132381341478663e-03,-1.655088178465510818e-02,9.353465677835430814e-01
-3.644293792671646215e-02,-1.170906602673902897e-01,1.041400676108740653e+00
6.054697001329922834e-02,5.024737570109799600e-02,9.725670098918715034e-01
-1.531743007598229678e-01,5.095404655371410518e-02,8.000741586289362717e-01
-1.114170976489494702e-01,-7.666682498116098032e-02,1.004377080136483746e+00
1.976771097246349251e-02,-7.953301223580161450e-02,7.937603300555495789e-01
-1.074453259252401982e-01,7.508376768170205162e-02,9.968288320929332702e-01
-7.991582848830569574e-02,1.715453348199680872e-01,9.894083041855744609e-01
1.156631061089174461e-01,-8.757144264264266065e-02,1.019613027675940753e+00
-1.069769518057299279e-01,-1.713109570939880533e-01,8.605511857680716581e-01
-7.428283742164715209e-02,-3.554072607155386865e-02,1.045708355119922439e+00
-1.554890547267119283e-01,-1.215074831198834360e-01,9.608005951957967472e-01
-1.338885798026392127e-01,2.043967884168805260e-01,8.485328580643880514e-01
6.408989241766316347e-02,1.330439386581362404e-01,8.101269278399800822e-01
-4.011780424811681178e-02,1.707828367973680539e-01,8.142377948767821616e-01
1.085581078757154594e-01,1.705293788794526311e-03,7.457291517934906411e-01
2.333117686369959309e-02,1.706449191342693239e-01,9.444606553015802985e-01
-8.600329386871426174e-02,-8.806761207647846590e-02,1.141373312943509077e+00
1.850417596980147295e-01,1.707335823426065491e-01,8.741524271668620338e-01
1.834520460248684204e-01,-1.185788929633060929e-01,8.444724932921674476e-01
4.851253300537750057e-02,2.358349284972005577e-02,8.539205632720150430e-01
-1.161591511589600834e-01,1.097141828297744648e-01,9.930863732769192875e-01
1.984965976228331153e-01,1.088446086152122794e-01,9.858080394363145649e-01
1.190038246939446598e-01,-1.026711751098359771e-01,1.002866747890347687e+00
5.909653992149946355e-02,-1.314530816507162303e-01,8.595431092246172966e-01
4.840179583384895956e-02,2.624531300112719068e-01,1.000553545578544146e+00
-5.681820082235669589e-02,8.287283229170372412e-02,9.181833681630215960e-01
1.249386067364998687e-01,8.168527102719935762e-02,7.984557099576508055e-01
1.606932381486340655e-01,1.408556878581068150e-01,9.227594392843267990e-01
1.015585139601897779e-01,1.072951764860007873e-01,1.135046238864180435e+00
6.599892700367737675e-02,-6.037712305535510027e-02,1.002326420729826362e+00
-1.359076380353077540e-02,-2.355654771317264307e-02,1.028979150793851272e+00
6.083626325269012036e-02,7.249107117076991624e-03,9.947800303785626630e-01
-1.861979893839709743e-01,-1.227536869353965665e-01,9.087088486789326458e-01
1.005708863335338932e-02,-1.313265422845577290e-01,9.794722565058835428e-01
-4.954375490780479896e-02,1.295063248484173979e-01,1.083292832416845375e+00
5.822742740235101189e-02,2.058502873555971280e-01,8.850681555578238102e-01
-8.626374756547745826e-02,1.441791868836302948e-01,1.111391656018432483e+00
1.563576584647912160e-01,6.968011303635585074e-03,9.739880564974774391e-01
-1.537033712027876531e-01,2.051720851769732179e-01,9.767636145911685608e-01
6.287935851759479666e-02,-1.298648128752205588e-01,7.833805551389230182e-01
2.245549317277348300e-02,6.084735592838014240e-02,1.021705315522483559e+00
1.136624038971580375e-01,1.826084806586392162e-02,8.296036638103758687e-01
3.221144056680005918e-02,2.273353865734501489e-01,8.939394534076874343e-01
-5.462354222007675952e-02,-8.955961465531458998e-02,1.026458690468187385e+00
1.067081218538462606e-01,-6.016939454957373479e-02,1.082657969329547054e+00
-7.328131227423546890e-02,2.012016779013857670e-01,7.741231365199598979e-01
-1.863159466772371931e-01,-1.270563219474423744e-01,8.929073246802817776e-01
-4.118432287640252931e-02,5.507372379697506037e-03,1.012292863442536772e+00
1.340502260502232090e-01,7.133331722297525657e-02,1.140912136277437483e+00
1.281877991214847023e-03,1.800873063902261317e-01,1.043961851202120927e+00
-7.598991367846230638e-02,-9.348185900895189526e-02,1.095738048023702893e+00
4.137634476719387333e-03,1.587318031236854554e-01,1.023372010249842479e+00
1.032102352531586442e-01,1.627390374279977237e-01,8.260445570878240940e-01
4.071989099054382222e-02,-1.190908566369285604e-01,8.778051998974926162e-01
-1.863657548728656632e-01,5.347535521993043717e-02,7.917431816171229819e-01
8.618767946001337776e-02,2.065583990632009481e-01,9.230262148780780107e-01
5.030647754494577129e-03,1.436894941113292523e-01,1.035327225669165685e+00
1.651910879092223783e-01,1.637933583614626931e-01,8.931977106597341898e-01
-1.688393456158819306e-01,-8.660775783910473757e-03,9.888508361950900660e-01
1.187506230017744691e-01,-5.002920781163595898e-02,1.141797814966864166e+00
8.037609285895030986e-02,-1.021591003266411612e-01,1.022556557728441451e+00
2.052080048819321378e-01,2.446295619526119292e-01,1.069782617598367791e+00
-3.395328393860275185e-02,3.178582733240636893e-02,1.082930730538995467e+00
-1.635660913992134646e-02,2.797482342609125539e-03,7.918959280303609072e-01
5.864407036858065858e-02,-1.104609811811144982e-01,1.092889752658944280e+00
1.906679702295202561e-01,-1.436122790609741795e-01,1.002601087062407137e+00
1.754143064590462653e-01,5.312023317109171305e-04,9.388400828227828621e-01
-1.725542263034153534e-01,3.301026942684887056e-02,1.104512348461650140e+00
-7.570022535707239542e-02,1.532711686350758384e-01,8.754568946098899573e-01
-7.108632086772370684e-03,-1.498895473324230732e-01,1.025794201228356961e+00
6.431668939995421885e-02,5.438508295264474213e-02,8.363556217480190291e-01
1.798507491989016494e-01,-2.404195030906075559e-02,8.798775533104918889e-01
1.663357133983414116e-01,2.022124556280397445e-01,9.164809991400393319e-01
3.072448217483109145e-02,1.405626475114347129e-01,8.019667586952358151e-01
1.370752624425657373e-01,2.005645732946099158e-01,9.375528635987676607e-01
8.959888226184820059e-03,1.828927771540083680e-01,9.798489990886195544e-01
1.574831885844907298e-02,-1.306778889103896446e-01,9.544240533060717180e-01
1.045778858771545528e-01,2.346381884161832243e-01,1.108858163272631980e+00
2.851383691248532415e-02,1.963753307065816966e-01,8.541464017808074738e-01
1.243831080322367333e-01,-8.382252647912341592e-03,8.541451243829107920e-01
-1.261484689777974122e-01,1.607741763636211241e-01,9.959688997551461309e-01
7.427643752559248691e-03,2.988790844870528596e-02,8.023867168292921903e-01
-1.257568754851874360e-01,8.328484252481926919e-02,1.099255647501361066e+00
1.388024348616233028e-01,-8.270444085511502452e-02,8.195635149505754447e-01
-8.652591861003040841e-02,1.629659344237823215e-01,1.048222741792037560e+00
4.525050776278086162e-02,-1.226150627798530124e-01,8.458944476591604422e-01
-7.523588343448826821e-02,1.671606388963572942e-01,1.103955266660251233e+00
2.276265750376175734e-01,1.454842520252169202e-01,6.877268784450270012e-01
1.815424796388399598e-01,1.764885769159837969e-01,1.042570031223355898e+00
6.165848557175779288e-02,-1.057473350393089429e-01,8.457401808251252540e-01
1.400779074245037115e-01,1.179208533246258184e-01,8.419817835247208615e-01
1.731652417169144420e-01,-4.979921778127685550e-02,9.457035416914459924e-01
1.152793356632247357e-01,1.995861774369271369e-01,9.242630478016675699e-01
-5.302471138196174216e-02,1.669129978020387206e-01,8.948857042700988362e-01
1.898953652212620469e-02,2.349817193390343895e-01,9.873536607048314373e-01
9.598995479223526583e-02,7.322436690918371349e-02,1.141685895279151763e+00
-1.040993649821242428e-01,1.678463890979635109e-01,8.762328617500771966e-01
2.067860035441308475e-01,1.567173517070265532e-01,1.061887013079788389e+00
1.852773183085870690e-01,2.012453990236888202e-01,7.508720555925627593e-01
-1.331062159492322761e-01,-1.102440151633887200e-01,8.782303110409084290e-01
-2.282112923490697831e-02,1.334847843637043674e-02,8.651716995395738463e-01
5.368102644041644611e-02,-1.563318431379090157e-01,1.130059351462582073e+00
1.045038315464006384e-01,1.416131247779004454e-01,1.039755144823345745e+00
1.327168228946696282e-01,1.361252883417183313e-01,7.456615419069428929e-01
-4.892477527470254217e-02,2.959098301507595563e-02,9.258679168101680013e-01
-1.198401855492973178e-01,5.897432045568420933e-02,7.797256010984348062e-01
-1.497688022172124489e-01,1.496938604305413367e-01,9.356213737394727392e-01
-1.567420870777186392e-02,1.052148453359179614e-01,8.262882873080382717e-01
9.831351403132909672e-02,1.405899190917544450e-01,1.130978438925963392e+00
-2.973892018005591664e-02,6.578745663210186501e-02,1.093835281119241110e+00
-1.265438236255933269e-01,2.253144684134879561e-01,8.107719363101467680e-01
-1.565174184313846695e-01,1.211604966713601961e-01,9.323709491949708772e-01
-1.352505393125303934e-01,2.491008538853067833e-02,8.979868741117682518e-01
-1.424731487588895007e-01,1.049558723221684642e-01,1.142985670507309592e+00
